{
  "project_info": {
    "project_number": "519083778914",
    "project_id": "by-bstu-razvod-lab4",
    "storage_bucket": "by-bstu-razvod-lab4.appspot.com"
  },
  "client": [
    {
      "client_info": {
        "mobilesdk_app_id": "1:519083778914:android:ee69e603a3f87d3067423b",
        "android_client_info": {
          "package_name": "by.bstu.razvod.lab4"
        }
      },
      "oauth_client": [
        {
          "client_id": "519083778914-5v640oclvb0eb62vvecl98ik8vcjan03.apps.googleusercontent.com",
          "client_type": 3
        }
      ],
      "api_key": [
        {
          "current_key": "AIzaSyAQuHLbv9Cc5dLUFCNAXI-Qkonrx4SxqD4"
        }
      ],
      "services": {
        "appinvite_service": {
          "other_platform_oauth_client": [
            {
              "client_id": "519083778914-5v640oclvb0eb62vvecl98ik8vcjan03.apps.googleusercontent.com",
              "client_type": 3
            }
          ]
        }
      }
    }
  ],
  "configuration_version": "1"
}